    CC3,
   2052,
   2055,
   2059,
   2062,
   2061,
   2058,
   2053,
   2050,
   2049,
   2051,
   2052,
   2053,
   2053,
   2054,
   2057,
   2059,
   2059,
   2055,
   2049,
   2042,
   2035,
   2032,
   2029,
   2027,
   2026,
   2025,
   2023,
   2023,
   2023,
   2023,
   2027,
   2039,
   2163,
   2163,
   2130,
   2056,
   2013,
   2011,
   2011,
   2012,
   2012,
   2008,
   2003,
   2003,
   2007,
   2017,
   2028,
   2037,
   2043,
   2046,
   2046,
   2038,
   2029,
   2029,
   2031,
   2036,
   2042,
   2045,
   2048,
   2049,
   2054,
   2060,
   2068,
   2075,
   2080,
   2086,
   2091,
   2097,
   2104,
   2110,
   2115,
   2118,
   2121,
   2122,
   2122,
   2120,
   2114,
   2106,
   2097,
   2089,
   2081,
   2072,
   2063,
   2055,
   2051,
   2048,
   2046,
   2046,
   2045,
   2046,
   2048,
   2048,
   2047,
   2047,
   2048,
   2050,
   2052,
   2054,
   2057,
   2062,
   2067,
   2070,
   2068,
   2061,
   2053,
   2045,
   2039,
   2034,
   2031,
   2027,
   2027,
   2030,
   2035,
   2040,
   2042,
   2042,
   2042,
   2041,
   2042,
   2042,
   2042,
   2041,
   2039,
   2036,
   2033,
   2031,
   2029,
   2028,
   2027,
   2027,
   2030,
   2034,
   2038,
   2041,
   2042,
   2041,
   2040,
   2039,
   2038,
   2037,
   2036,
   2035,
   2035,
   2037,
   2038,
   2039,
   2040,
   2042,
   2044,
   2046,
   2049,
   2051,
   2053,
   2054,
   2055,
   2056,
   2057,
   2057,
   2055,
   2053,
   2050,
   2048,
   2045,
   2043,
   2042,
   2042,
   2042,
   2042,
   2043,
   2045,
   2080,
   2162,
   2209,
   2209,
   2185,
   2111,
   2047,
   2033,
   2033,
   2037,
   2041,
   2041,
   2032,
   2023,
   2023,
   2025,
   2033,
   2041,
   2042,
   2043,
   2047,
   2052,
   2056,
   2059,
   2058,
   2056,
   2054,
   2052,
   2053,
   2055,
   2057,
   2059,
   2064,
   2072,
   2082,
   2092,
   2101,
   2107,
   2112,
   2117,
   2124,
   2130,
   2134,
   2136,
   2133,
   2128,
   2122,
   2115,
   2105,
   2090,
   2074,
   2060,
   2050,
   2043,
   2034,
   2026,
   2020,
   2018,
   2018,
   2019,
   2019,
   2019,
   2019,
   2019,
   2019,
   2019,
   2020,
   2022,
   2024,
   2027,
   2028,
   2028,
   2027,
   2026,
   2025,
   2024,
   2021,
   2020,
   2020,
   2022,
   2025,
   2026,
   2027,
   2027,
   2027,
   2028,
   2028,
   2030,
   2031,
   2033,
   2035,
   2036,
   2036,
   2035,
   2034,
   2032,
   2031,
   2029,
   2028,
   2028,
   2029,
   2032,
   2035,
   2039,
   2043,
   2047,
   2053,
   2059,
   2065,
   2072,
   2078,
   2085,
   2091,
   2096,
   2098,
   2098,
   2097,
   2096,
   2094,
   2093,
   2091,
   2087,
   2082,
   2079,
   2078,
   2081,
   2084,
   2087,
   2090,
   2092,
   2095,
   2096,
   2096,
   2093,
   2088,
   2082,
   2074,
   2067,
   2059,
   2051,
   2043,
   2036,
   2023,
   2024,
   2030,
   2064,
   2140,
   2184,
   2184,
   2141,
   2059,
   2018,
   2018,
   2022,
   2025,
   2025,
   2024,
   2022,
   2022,
   2030,
   2038,
   2039,
   2039,
   2038,
   2038,
   2039,
   2043,
   2046,
   2049,
   2050,
   2051,
   2051,
   2051,
   2051,
   2050,
   2051,
   2052,
   2055,
   2059,
   2064,
   2068,
   2075,
   2084,
   2094,
   2103,
   2112,
   2121,
   2127,
   2131,
   2132,
   2128,
   2122,
   2112,
   2097,
   2081,
   2067,
   2057,
   2050,
   2042,
   2034,
   2027,
   2023,
   2021,
   2021,
   2023,
   2024,
   2026,
   2028,
   2031,
   2034,
   2036,
   2036,
   2034,
   2029,
   2026,
   2025,
   2025,
   2026,
   2028,
   2030,
   2032,
   2034,
   2035,
   2035,
   2036,
   2036,
   2037,
   2038,
   2039,
   2039,
   2039,
   2038,
   2037,
   2035,
   2035,
   2036,
   2038,
   2038,
   2037,
   2036,
   2036,
   2039,
   2042,
   2044,
   2046,
   2050,
   2054,
   2056,
   2057,
 -30713,
 -30716,
 -30719,
 -30722,
 -30725,
 -30726,
 -30725,
 -30724,
 -30724,
 -30723,
 -30723,
 -30723,
 -30722,
 -30721,
 -30718,
 -30713,
 -30709,
 -30705,
 -30703,
 -30703,
 -30703,
 -30704,
 -30706,
 -30709,
 -30711,
 -30713,
 -30712,
 -30711,
 -30712,
 -30713,
 -30714,
 -30715,
 -30718,
 -30722,
 -30726,
 -30728,
 -30729,
 -30729,
 -30731,
 -30732,
 -30733,
 -30729,
 -30717,
 -30701,
 -30685,
 -30639,
 -30684,
 -30691,
 -30691,
 -30678,
 -30666,
 -30666,
 -30670,
 -30674,
 -30679,
 -30693,
 -30719,
 -30747,
 -30767,
 -30776,
 -30782,
 -30786,
 -30786,
 -30778,
 -30768,
 -30765,
 -30765,
 -30772,
 -30794,
 -30841,
 -30919,
 -31024,
 -31141,
 -31318,
 -31509,
 -31706,
 -31903,
 -32084,
 -32231,
 -32331,
 -32363,
 -32319,
 -32217,
 -32061,
 -30560,
 -29786,
 -29055,
 -28703,
 -28673,
 -28673,
 -28673,
 -28673,
 -28972,
 -29678,
 -30406,
 -30721,
 -30722,
 -30721,
 -30720,
 -30721,
 -30725,
 -30725,
 -30723,
 -30721,
 -30720,
 -30720,
 -30720,
 -30720,
 -30720,
 -30720,
 -30720,
 -30720,
 -30720,
 -30720,
 -30720,
 -30720,
 -30720,
 -30720,
 -30720,
 -30720,
 -30720,
 -30720,
 -30720,
 -30720,
 -30720,
 -30720,
 -30720,
 -30720,
 -30720,
 -30720,
 -30720,
 -30720,
 -30720,
 -30720,
 -30720,
   2048,
   2048,
   2048,
   2048,
   2048,
   2048,
   2048,
   2048,
   2048,
   2048,
   2048,
   2048,
   2048,
   2048,
   2048,
   2048,
   2048,
   2048,
   2048,
   2048,
   2048,
   2048,
   2048,
   2048,
   2048,
   2048,
   2048,
   2048,
   2048,
   2048,
   2048,
   2048,
   2048,
   2048,
   2048,
   2048,
   2048,
   2048,
   2048,
   2048,
   2048,
   2048,
   2048,
   2048,
   2048,
   2048,
   2048,
   2048,
   2048,
   2048,
   2048,
   2048,
   2048,
   2048,
   2048,
   2048,
   2048,
   2048,
   2048,
   2048,
   2048,
   2048,
   2048,
   2048,
   2048,
   2048,
   2048,
   2048,
   2048,
   2048,
   2048,
   2048,
   2048,
   2048,
   2048,
   2048,
   2048,
   2048,
   2048,
   2048,
   2048,
   2048,
   2048,
   2048,
   2051,
   2053,
   2053,
   2038,
   2037,
   2038,
   2039,
   2038,
   1728,
   1047,
    362,
     51,
     39,
     39,
    305,
    928,
   1593,
   1959,
   1994,
   2006,
   2012,
   2017,
   2022,
   2027,
   2030,
   2041,
   2044,
   2046,
   2048,
   2049,
   2050,
   2049,
   2048,
   2047,
   2047,
   2048,
   2048,
   2049,
   2049,
   2050,
   2050,
   2051,
   2051,
   2053,
   2055,
   2058,
   2061,
   2064,
   2068,
   2069,
   2064,
   2052,
   2039,
   2024,
   2010,
   1996,
   1981,
   1965,
   1948,
   1931,
   1910,
   1885,
   1858,
   1829,
   1799,
   1772,
   1752,
   1738,
   1729,
   1724,
   1724,
   1730,
   1742,
   1756,
   1770,
   1783,
   1797,
   1811,
   1822,
   1828,
   1831,
   1833,
   1838,
   1844,
   1854,
   1867,
   1886,
   1908,
   1931,
   1953,
   1974,
   1996,
   2018,
   2039,
   2057,
   2071,
   2083,
   2091,
   2095,
   2096,
   2096,
   2095,
   2092,
   2089,
   2088,
   2089,
   2092,
   2098,
   2103,
   2106,
   2106,
   2104,
   2102,
   2103,
   2110,
   2227,
   2251,
   2251,
   2195,
   2095,
   2048,
   2047,
   2048,
   2050,
   2050,
   2050,
   2050,
   2051,
   2050,
   2042,
   2036,
   2036,
   2043,
   2051,
   2054,
   2054,
   2052,
   2049,
   2044,
   2039,
   2036,
   2035,
   2034,
   2032,
   2031,
   2030,
   2031,
   2034,
   2040,
   2048,
   2055,
   2061,
   2068,
   2075,
   2085,
   2096,
   2105,
   2109,
   2109,
   2107,
   2104,
   2098,
   2085,
   2068,
   2051,
   2036,
   2026,
   2018,
   2010,
   2003,
   2000,
   2000,
   2002,
   2003,
   2003,
   2005,
   2009,
   2014,
   2019,
   2023,
   2027,
   2031,
   2036,
   2036,
   2034,
   2031,
   2031,
   2034,
   2037,
   2039,
   2041,
   2046,
   2054,
   2063,
   2070,
   2073,
   2073,
   2074,
   2075,
   2078,
   2082,
   2085,
   2088,
   2092,
   2098,
   2103,
   2108,
   2107,
   2102,
   2095,
   2088,
   2081,
   2074,
   2067,
   2060,
   2056,
   2054,
   2054,
   2054,
   2054,
   2053,
   2053,
   2053,
   2051,
   2046,
   2039,
   2031,
   2017,
   1994,
   1965,
   1933,
   1903,
   1875,
   1846,
   1817,
   1794,
   1780,
   1775,
   1772,
   1770,
   1769,
   1774,
   1781,
   1788,
   1794,
   1798,
   1801,
   1805,
   1808,
   1809,
   1812,
   1817,
   1823,
   1830,
   1837,
   1844,
   1851,
   1860,
   1869,
   1876,
   1882,
   1906,
   1930,
   2002,
   2105,
   2158,
   2158,
   2091,
   1998,
   1971,
   1971,
   1996,
   2029,
   2039,
   2039,
   2035,
   2030,
   2030,
   2041,
   2055,
   2064,
   2064,
   2064,
   2064,
   2064,
   2064,
   2062,
   2060,
   2058,
   2056,
   2054,
   2050,
   2043,
   2036,
   2030,
   2025,
   2020,
   2016,
   2014,
   2016,
   2022,
   2028,
   2034,
   2040,
   2046,
   2051,
   2053,
   2051,
   2045,
   2040,
   2036,
   2035,
   2034,
   2033,
   2032,
   2032,
   2035,
   2038,
   2039,
   2038,
   2036,
   2035,
   2034,
   2035,
   2037,
   2039,
   2042,
   2045,
   2048,
   2052,
   2058,
   2062,
   2064,
   2064,
   2063,
   2062,
   2061,
   2059,
   2056,
   2052,
   2050,
   2050,
   2050,
   2049,
   2046,
   2044,
   2041,
   2041,
   2044,
   2048,
   2051,
   2055,
   2060,
   2064,
   2065,
   2062,
   2054,
   2045,
   2036,
   2028,
   2020,
   2012,
   2007,
   2007,
   2010,
   2014,
   2017,
   2021,
   2027,
   2033,
   2041,
   2046,
   2050,
   2054,
   2057,
   2060,
   2062,
   2062,
   2060,
   2058,
   2055,
 -30714,
 -30716,
 -30717,
 -30718,
 -30716,
 -30714,
 -30711,
 -30708,
 -30706,
 -30704,
 -30703,
 -30704,
 -30710,
 -30717,
 -30724,
 -30732,
 -30740,
 -30749,
 -30758,
 -30764,
 -30769,
 -30774,
 -30779,
 -30785,
 -30789,
 -30787,
 -30775,
 -30756,
 -30737,
 -30717,
   2069,
   2083,
   2098,
   2107,
   2105,
   2097,
   2089,
   2081,
   2077,
   2075,
   2070,
   2064,
   2057,
   2047,
   2037,
   2024,
   2011,
   1999,
   1985,
   1972,
   1959,
   1952,
   1956,
   1968,
   1984,
   2001,
   2022,
   2045,
   2072,
   2100,
   2124,
   2217,
   2232,
   2255,
   2269,
   2274,
   2274,
   2274,
   2283,
   2311,
   2369,
   2472,
   2689,
   3050,
   3481,
   3838,
   3996,
   4019,
   4019,
   4019,
   4024,
   4025,
   4026,
   4026,
   4027,
   4028,
   4028,
   4028,
   4027,
   4027,
   4027,
   4027,
   3987,
   3859,
   3643,
   3390,
   3137,
   2887,
   2639,
   2391,
   2182,
   2062,
   2030,
   2036,
   2042,
   2045,
   2045,
   2046,
   2046,
   2047,
   2047,
   2048,
   2048,
   2048,
   2051,
   2053,
   2053,
   2041,
   2040,
   2041,
   2042,
   2041,
   1734,
   1052,
    367,
     55,
     42,
     42,
    308,
    931,
   1594,
   1958,
   1994,
   2006,
   2012,
   2019,
   2023,
   2027,
   2030,
   2042,
   2044,
   2045,
   2047,
   2047,
   2046,
   2046,
   2045,
   2045,
   2046,
   2047,
   2048,
   2049,
   2049,
   2049,
   2049,
   2049,
   2050,
   2052,
   2054,
   2057,
   2059,
   2062,
   2064,
   2066,
   2068,
   2073,
   2080,
   2088,
   2095,
   2096,
   2085,
   2067,
   2048,
   2029,
   2010,
   1994,
   1977,
   1968,
   1972,
   1985,
   1997,
   2007,
   2010,
   2012,
   2013,
   2014,
   2014,
   2012,
   2010,
   2010,
   2010,
   2016,
   2031,
   2053,
   2078,
   2103,
   2129,
   2154,
   2181,
   2206,
   2227,
   2242,
   2254,
   2265,
   2277,
   2288,
   2300,
   2310,
   2317,
   2322,
   2323,
   2317,
   2305,
   2289,
   2268,
   2243,
   2215,
   2186,
   2161,
   2143,
   2131,
   2121,
   2112,
   2102,
   2093,
   2085,
   2077,
   2069,
   2063,
   2058,
   2053,
   2048,
   2045,
   2041,
   2038,
   2036,
   2035,
   2036,
   2038,
   2042,
   2048,
   2054,
   2059,
   2062,
   2063,
   2062,
   2061,
   2060,
   2058,
   2056,
   2053,
   2049,
   2046,
   2045,
   2044,
   2043,
   2042,
   2041,
   2042,
   2046,
   2049,
   2053,
   2056,
   2057,
   2057,
   2057,
   2055,
   2050,
   2044,
   2039,
   2034,
   2032,
   2033,
   2035,
   2037,
   2041,
   2048,
   2057,
   2065,
   2070,
   2070,
   2068,
   2066,
   2063,
   2059,
   2053,
   2047,
   2042,
   2038,
   2036,
   2034,
   2032,
   2030,
   2029,
   2029,
   2030,
   2034,
   2043,
   2058,
   2075,
   2092,
   2108,
   2117,
   2119,
   2118,
   2114,
   2104,
   2090,
   2076,
   2062,
   2054,
   2054,
   2055,
   2054,
   2051,
   2048,
   2047,
   2047,
   2047,
   2046,
   2042,
   2040,
   2040,
   2040,
   2040,
   2038,
   2036,
   2036,
   2038,
   2040,
   2044,
   2050,
   2055,
   2061,
   2068,
   2075,
   2084,
   2092,
   2098,
   2102,
   2105,
   2108,
   2109,
   2105,
   2094,
   2081,
   2067,
   2053,
   2038,
   2022,
   2007,
   1997,
   1994,
   1995,
   1996,
   1996,
   1997,
   1999,
   2002,
   2003,
   2001,
   1996,
   1991,
   1987,
   1982,
   1977,
   1971,
   1964,
   1961,
   1962,
   1966,
   1974,
   1984,
   1994,
   2005,
   2014,
   2021,
   2025,
   2025,
   2022,
   2019,
   2019,
   2021,
   2024,
   2025,
   2023,
   2022,
   2022,
   2024,
   2026,
   2028,
   2029,
   2034,
   2040,
   2044,
   2046,
   2046,
   2044,
   2042,
   2039,
   2035,
   2033,
   2033,
   2034,
   2037,
   2040,
   2044,
   2047,
   2051,
   2055,
   2060,
   2065,
   2069,
   2071,
   2073,
   2073,
   2074,
   2074,
   2075,
   2074,
   2072,
   2069,
   2064,
   2059,
   2054,
   2050,
   2048,
   2044,
   2041,
   2038,
   2037,
   2040,
   2043,
   2049,
   2060,
   2171,
   2171,
   2167,
   2117,
   2045,
   2026,
   2026,
   2027,
   2026,
   2013,
   2005,
   2005,
   2015,
   2033,
   2051,
   2059,
   2059,
   2054,
   2042,
   2035,
   2035,
   2040,
   2045,
   2047,
   2048,
   2049,
   2051,
   2054,
   2059,
   2063,
   2066,
   2072,
   2080,
   2090,
   2099,
   2107,
   2115,
   2126,
   2138,
   2149,
   2156,
   2159,
   2158,
   2155,
   2148,
   2136,
   2122,
   2108,
   2093,
   2079,
   2068,
   2060,
   2057,
   2055,
   2053,
   2050,
   2048,
   2048,
   2047,
   2045,
   2043,
   2041,
   2039,
   2039,
   2039,
   2039,
   2040,
   2042,
   2044,
   2045,
   2045,
   2046,
   2047,
   2049,
   2051,
   2051,
   2050,
   2050,
   2051,
   2053,
   2055,
   2056,
   2056,
   2055,
   2053,
   2052,
   2051,
   2052,
   2054,
   2056,
   2058,
   2060,
   2062,
   2064,
   2063,
   2059,
   2053,
   2047,
   2042,
   2039,
   2038,
   2037,
   2037,
   2037,
   2037,
   2036,
   2036,
   2036,
   2036,
   2036,
   2035,
   2033,
   2030,
   2025,
   2020,
   2013,
   2007,
   2002,
   1999,
   1996,
   1993,
   1991,
   1988,
   1986,
   1983,
   1979,
   1974,
   1974,
   2074,
   2161,
   2187,
   2187,
   2117,
   2021,
   1994,
   1994,
   2016,
   2037,
   2037,
   2033,
   2029,
   2029,
   2031,
   2036,
   2043,
   2051,
   2054,
   2054,
   2052,
   2049,
   2046,
   2044,
   2043,
   2044,
   2046,
   2049,
   2051,
   2054,
   2059,
   2065,
   2075,
   2085,
   2093,
   2102,
   2112,
   2126,
   2140,
   2153,
   2163,
   2171,
   2178,
   2182,
   2178,
   2164,
   2145,
   2126,
   2108,
   2090,
   2072,
   2055,
   2043,
   2038,
   2036,
   2035,
   2035,
   2037,
   2041,
   2046,
   2051,
   2056,
   2060,
   2062,
   2066,
   2068,
   2070,
   2072,
   2073,
   2073,
   2072,
   2069,
   2065,
   2060,
   2056,
   2051,
   2047,
   2045,
   2046,
   2049,
   2052,
   2053,
   2052,
   2051,
   2050,
   2050,
   2048,
   2047,
   2046,
   2047,
   2051,
   2053,
   2054,
   2054,
   2055,
   2055,
   2054,
   2051,
   2047,
   2044,
   2041,
   2039,
   2040,
   2041,
   2043,
   2046,
   2050,
   2054,
   2058,
   2059,
   2055,
   2048,
   2040,
   2033,
   2027,
   2021,
   2016,
   2012,
   2012,
   2014,
   2013,
   2010,
   2007,
   2005,
   2012,
   2023,
   2035,
   2047,
   2056,
   2057,
   2055,
   2049,
   2036,
   2021,
   2005,
   1990,
   1979,
   1977,
   1979,
   1982,
   1986,
   1989,
   1991,
   1994,
   1997,
   2001,
   2005,
   2006,
   2006,
   2007,
   2010,
   2014,
   2018,
   2023,
   2029,
   2035,
   2041,
   2042,
   2042,
   2040,
   2040,
   2041,
   2044,
   2048,
   2054,
   2063,
   2071,
   2075,
   2073,
   2068,
   2060,
   2052,
   2043,
   2033,
   2024,
   2018,
   2016,
   2016,
   2016,
   2017,
   2017,
   2018,
   2021,
   2025,
   2028,
   2031,
   2033,
   2035,
   2036,
   2036,
   2036,
   2035,
   2034,
   2033,
   2033,
   2033,
   2032,
   2032,
   2032,
   2033,
   2035,
   2037,
   2039,
   2040,
   2040,
   2040,
   2039,
   2038,
   2037,
   2037,
   2035,
   2033,
   2032,
   2031,
   2031,
   2031,
   2031,
   2032,
   2032,
   2032,
   2032,
   2032,
   2033,
   2035,
   2036,
   2037,
   2039,
   2042,
   2046,
   2048,
   2047,
   2046,
   2044,
   2044,
   2045,
   2045,
   2044,
   2042,
   2040,
   2040,
   2040,
   2040,
   2040,
   2044,
   2058,
   2185,
   2185,
   2148,
   2080,
   2047,
   2044,
   2044,
   2049,
   2056,
   2065,
   2070,
   2070,
   2066,
   2055,
   2047,
   2047,
   2060,
   2084,
   2097,
   2097,
   2093,
   2086,
   2080,
   2077,
   2077,
   2080,
   2083,
   2086,
   2086,
   2088,
   2090,
   2095,
   2104,
   2112,
   2119,
   2127,
   2136,
   2148,
   2160,
   2169,
   2171,
   2167,
   2163,
   2159,
   2152,
   2140,
   2125,
   2110,
   2095,
   2083,
   2070,
   2057,
   2046,
   2040,
   2039,
   2039,
   2040,
   2043,
   2047,
   2050,
   2051,
   2049,
   2046,
   2044,
   2045,
   2046,
   2047,
   2048,
   2049,
   2051,
   2052,
   2051,
   2048,
   2045,
   2044,
   2044,
   2045,
   2047,
   2049,
   2051,
   2054,
   2057,
   2059,
   2058,
   2056,
   2052,
   2050,
   2048,
   2047,
   2045,
   2043,
   2041,
   2042,
   2043,
   2044,
   2044,
   2042,
   2041,
   2039,
   2038,
   2040,
   2041,
   2042,
   2043,
   2043,
   2045,
   2050,
 -30714,
 -30710,
 -30707,
 -30708,
 -30710,
 -30712,
 -30713,
 -30716,
 -30721,
 -30725,
 -30728,
 -30727,
 -30724,
 -30723,
 -30727,
 -30733,
 -30739,
 -30740,
 -30646,
 -30598,
 -30598,
 -30600,
 -30652,
 -30740,
 -30789,
 -30796,
 -30796,
 -30795,
 -30796,
 -30802,
 -30805,
 -30805,
 -30802,
 -30798,
 -30796,
 -30796,
 -30803,
 -30819,
 -30830,
 -30830,
 -30830,
 -30829,
 -30829,
 -30830,
 -30831,
 -30833,
 -30835,
 -30836,
 -30838,
 -30838,
 -30838,
 -30834,
 -30828,
 -30819,
 -30810,
 -30801,
 -30790,
 -30775,
 -30760,
 -30744,
 -30727,
 -30708,
 -30683,
 -30648,
 -30608,
 -30566,
 -30527,
 -30488,
 -30434,
 -30368,
 -30309,
 -30288,
 -30303,
 -30324,
 -30310,
 -29487,
 -28943,
 -28880,
 -28880,
 -28880,
 -28856,
 -28850,
 -28837,
 -28836,
 -28834,
 -28833,
 -28834,
 -28841,
 -28842,
 -28841,
 -28840,
 -28841,
 -29120,
 -29777,
 -30451,
 -30744,
 -30744,
 -30741,
 -30737,
 -30734,
 -30733,
 -30732,
 -30731,
 -30728,
 -30725,
 -30723,
 -30723,
 -30722,
 -30722,
 -30721,
 -30721,
 -30720,
 -30720,
 -30720,
 -30720,
 -30720,
 -30720,
 -30720,
 -30720,
 -30720,
 -30720,
 -30720,
 -30720,
 -30720,
 -30720,
 -30720,
 -30720,
 -30720,
 -30720,
 -30720,
 -30720,
 -30720,
 -30720,
 -30720,
 -30720,
 -30720,
 -30720,
 -30720,
 -30720,
 -30720,
 -30720,
 -30720,
 -30720,
 -30720,
 -30720,
 -30720,
 -30720,
 -30720,
 -30720,
 -30720,
 -30720,
 -30720,
 -30720,
 -30720,
 -30720,
 -30720,
 -30720,
 -30720,
 -30720,
 -30720,
 -30720,
 -30720,
 -30720,
 -30720,
 -30720,
   2048,
   2048,
   2048,
   2048,
   2048,
   2048,
   2048,
   2048,
   2048,
   2048,
   2048,
   2048,
   2048,
   2048,
   2048,
   2048,
   2048,
   2048,
   2048,
   2048,
   2048,
   2048,
   2048,
   2048,
   2048,
   2048,
   2048,
   2048,
   2048,
   2048,
   2048,
   2048,
   2048,
   2048,
   2048,
   2048,
   2048,
   2048,
   2048,
   2048,
   2048,
   2048,
   2048,
   2048,
   2048,
   2048,
   2048,
   2048,
   2048,
   2048,
   2048,
   2048,
   2048,
   2048,
   2048,
   2048,
   2048,
   2048,
   2048,
   2048,
   2048,
   2048,
   2048,
   2048,
   2048,
   2048,
   2048,
   2048,
   2048,
   2048,
   2048,
   2048,
   2048,
   2048,
   2048,
   2048,
   2048,
   2048,
   2048,
   2048,
   2048,
   2048,
   2048,
   2047,
   2045,
   2043,
   2043,
   2044,
   2058,
   2058,
   2058,
   2071,
   2370,
   3056,
   3742,
   4061,
   4083,
   4083,
   3839,
   3245,
   2576,
   2151,
   2051,
   2051,
   2051,
   2051,
   2049,
   2046,
   2045,
   2044,
   2043,
   2042,
   2041,
   2039,
   2039,
   2040,
   2040,
   2040,
   2040,
   2040,
   2040,
   2040,
   2040,
   2040,
   2041,
   2042,
   2043,
   2043,
   2052,
   2082,
   2144,
   2239,
   2364,
   2506,
   2653,
   2800,
   2939,
   3056,
   3143,
   3200,
   3233,
   3247,
   3251,
   3243,
   3231,
   3218,
   3213,
   3212,
   3205,
   3198,
   3187,
   3175,
   3165,
   3154,
   3146,
   3159,
   3214,
   3298,
   3396,
   3507,
   3597,
   3649,
   3675,
   3666,
   3585,
   3408,
   3136,
   2781,
   2410,
   2076,
   1757,
   1509,
   1432,
   1583,
   1873,
   2247,
   2659,
   3074,
   3448,
   3583,
   3482,
   3208,
   2888,
   2594,
   1964,
   1964,
   1781,
   1573,
   1548,
   1548,
   1677,
   2088,
   2755,
   3558,
   4095,
   4095,
   4095,
   4095,
   3682,
   2744,
   2182,
   2064,
   2064,
   2065,
   2064,
   2058,
   2053,
   2050,
   2049,
   2049,
   2048,
   2048,
   2046,
   2046,
   2046,
   2047,
   2047,
   2048,
   2048,
   2048,
   2048,
   2048,
   2048,
   2048,
   2048,
   2048,
   2048,
   2048,
   2048,
   2048,
   2048,
   2048,
   2048,
   2048,
   2048,
   2048,
   2048,
   2048,
   2048,
   2048,
   2048,
   2048,
   2048,
   2048,
   2048,
   2048,
   2048,
   2048,
   2048,
   2048,
   2048,
   2048,
   2048,
   2048,
   2048,
   2048,
   2048,
   2048,
   2048,
   2048,
   2048,
   2048,
   2048,
   2048,
   2047,
   2047,
   2047,
   2047,
   2047,
   2047,
 -30721,
 -30722,
 -30722,
 -30723,
 -30723,
 -30724,
 -30725,
 -30863,
 -31061,
 -31203,
 -31285,
 -31285,
 -31267,
 -31197,
 -31125,
 -30993,
 -30836,
 -30753,
 -30716,
 -30716,
 -30717,
 -30718,
 -30717,
 -30716,
 -30717,
 -30719,
 -30720,
 -30720,
 -30720,
 -30720,
 -30720,
 -30720,
 -30720,
 -30720,
 -30720,
 -30720,
 -30720,
 -30720,
 -30720,
 -30720,
 -30720,
 -30720,
 -30720,
 -30720,
 -30720,
 -30720,
 -30720,
 -30720,
 -30720,
 -30720,
 -30720,
 -30720,
 -30720,
 -30720,
 -30720,
 -30720,
 -30720,
 -30720,
 -30720,
 -30720,
 -30720,
 -30720,
 -30720,
 -30720,
 -30720,
 -30720,
 -30720,
 -30720,
 -30720,
 -30720,
 -30720,
 -30720,
 -30720,
 -30720,
 -30718,
 -30716,
 -30715,
 -30713,
 -30705,
 -30675,
 -30627,
 -30581,
 -30571,
 -30681,
 -30906,
 -31164,
 -31427,
 -31713,
 -32015,
 -32318,
 -32584,
 -32730,
 -32723,
 -32595,
 -32377,
 -32122,
 -31867,
 -30718,
 -30718,
 -30716,
 -30715,
 -30715,
 -30717,
 -30720,
 -30720,
 -30720,
 -30720,
 -30720,
 -30720,
 -30720,
 -30720,
 -30720,
 -30720,
 -30720,
 -30720,
 -30720,
 -30720,
 -30720,
 -30720,
 -30720,
 -30720,
 -30720,
 -30720,
 -30720,
 -30720,
 -30720,
 -30720,
 -30720,
 -30720,
 -30720,
 -30720,
 -30720,
 -30720,
 -30720,
 -30720,
 -30720,
 -30720,
 -30720,
 -30720,
 -30720,
 -30720,
 -30720,
 -30720,
 -30720,
 -30720,
 -30720,
 -30720,
 -30720,
 -30720,
 -30720,
 -30720,
 -30720,
 -30720,
 -30720,
 -30720,
 -30720,
 -30720,
 -30720,
 -30720,
 -30720,
 -30720,
 -30720,
 -30720,
 -30720,
 -30720,
 -30720,
 -30720,
 -30720,
 -30720,
 -30720,
 -30720,
 -30720,
 -30720,
 -30720,
 -30720,
 -30720,
 -30720,
 -30720,
 -30720,
 -30720,
 -30720,
 -30720,
 -30720,
 -30720,
 -30720,
 -30720,
 -30720,
 -30720,
 -30720,
 -30720,
 -30720,
 -30720,
 -30720,
 -30720,
 -30720,
 -30720,
 -30720,
 -30720,
 -30720,
 -30720,
 -30720,
 -30720,
 -30720,
 -30720,
 -30720,
 -30720,
 -30720,
 -30720,
 -30720,
 -30720,
 -30720,
 -30720,
 -30720,
 -30720,
 -30720,
 -30720,
 -30720,
 -30720,
 -30720,
 -30720,
 -30720,
 -30720,
 -30720,
 -30720,
 -30720,
 -30720,
 -30720,
 -30720,
 -30720,
 -30720,
 -30720,
 -30720,
 -30720,
 -30720,
 -30720,
 -30720,
 -30720,
 -30720,
 -30720,
 -30720,
 -30720,
 -30720,
 -30720,
 -30720,
 -30720,
 -30720,
 -30720,
 -30720,
 -30720,
 -30720,
 -30720,
 -30720,
 -30720,
 -30720,
 -30720,
 -30720,
 -30720,
 -30720,
 -30720,
 -30720,
 -30720,
 -30720,
 -30720,
 -30720,
 -30720,
 -30720,
 -30720,
 -30720,
 -30720,
 -30720,
 -30720,
 -30720,
 -30720,
 -30720,
 -30720,
 -30720,
 -30720,
 -30720,
 -30720,
 -30720,
 -30720,
 -30720,
 -30720,
 -30720,
 -30720,
 -30720,
 -30720,
 -30720,
 -30720,
 -30720,
 -30720,
 -30720,
 -30720,
 -30720,
 -30720,
 -30720,
 -30720,
 -30720,
 -30720,
 -30720,
 -30720,
 -30720,
 -30720,
 -30720,
 -30720,
 -30720,
 -30720,
 -30720,
 -30720,
 -30720,
 -30720,
 -30720,
 -30720,
 -30720,
 -30720,
   2048,
   2048,
   2048,
   2048,
   2048,
   2048,
   2048,
   2048,
   2048,
   2048,
   2048,
   2048,
   2048,
   2048,
   2048,
   2048,
   2048,
   2048,
   2048,
   2048,
   2048,
   2048,
   2048,
   2048,
   2048,
   2048,
   2048,
   2048,
   2048,
   2048,
   2048,
   2048,
   2048,
   2048,
   2048,
   2048,
   2048,
   2048,
   2048,
   2048,
   2048,
   2048,
   2048,
   2048,
   2048,
   2048,
   2048,
   2048,
   2048,
   2048,
   2048,
   2048,
   2048,
   2048,
   2048,
   2048,
   2048,
   2048,
   2048,
   2048,
 -30720,
 -30720,
 -30720,
 -30720,
 -30720,
 -30720,
 -30720,
 -30720,
 -30720,
 -30720,
 -30720,
 -30720,
 -30720,
 -30720,
 -30720,
 -30720,
 -30720,
 -30720,
 -30720,
 -30720,
 -30720,
 -30720,
 -30720,
 -30720,
 -30717,
 -30715,
 -30715,
 -30730,
 -30731,
 -30730,
 -30729,
 -30730,
 -31040,
 -31720,
 -32405,
 -32717,
 -32731,
 -32731,
 -32470,
 -31855,
 -31191,
 -30809,
 -30768,
 -30755,
 -30748,
   2026,
   2030,
   2033,
   2035,
   2046,
   2046,
   2047,
   2048,
   2048,
   2048,
   2048,
   2048,
   2048,
   2049,
   2050,
   2051,
   2052,
   2052,
   2049,
   2047,
   2045,
   2043,
   2035,
   1984,
   1850,
   1636,
   1387,
   1137,
    887,
    638,
    393,
    189,
     68,
     28,
     25,
     23,
     21,
     19,
     17,
     17,
     17,
     17,
     16,
     16,
     15,
     15,
     15,
     53,
    180,
    396,
    651,
    905,
   2051,
   2051,
   2052,
   2053,
   2053,
   2051,
   2048,
   2048,
   2048,
   2048,
   2048,
   2048,
   2048,
   2048,
   2048,
   2048,
   2048,
   2048,
   2048,
   2048,
   2048,
   2048,
   2048,
   2048,
   2048,
   2048,
   2048,
   2048,
   2048,
   2048,
   2048,
   2047,
   2045,
   2043,
   2043,
   2044,
   2058,
   2058,
   2058,
   2071,
   2370,
   3055,
   3741,
   4059,
   4078,
   4078,
   3833,
   3241,
   2582,
   2164,
   2063,
   2063,
   2063,
   2063,
   2059,
   2054,
   2051,
   2048,
   2047,
   2044,
   2042,
   2041,
   2042,
   2044,
   2046,
   2048,
   2049,
   2051,
   2053,
   2054,
   2056,
   2056,
   2056,
   2055,
   2054,
   2053,
   2041,
   1989,
   1866,
   1671,
   1432,
   1180,
    927,
    675,
    432,
    241,
    170,
    257,
    439,
    635,
    831,
    988,
   1067,
   1077,
   1015,
     17,
     18,
     23,
     23,
     23,
    164,
    582,
   1156,
   1565,
   1684,
   1684,
   1614,
   1544,
   1544,
   1633,
   1852,
   2028,
   2073,
   2073,
   2058,
   2021,
   1986,
   1959,
   1945,
   1944,
   1953,
   1965,
   1975,
   1978,
   1990,
   2007,
   2025,
   2039,
   2045,
   2047,
   2047,
   2047,
   2048,
   2048,
   2048,
   2048,
   2048,
   2048,
   2048,
   2048,
   2048,
   2048,
   2048,
   2048,
   2048,
   2048,
   2048,
   2048,
   2048,
   2048,
   2048,
   2048,
   2048,
   2048,
   2048,
   2048,
   2048,
   2048,
   2048,
   2048,
   2048,
   2048,
   2048,
   2048,
   2048,
   2048,
   2048,
   2048,
   2048,
   2048,
   2048,
   2048,
   2048,
   2048,
   2048,
   2048,
   2048,
   2048,
   2048,
   2048,
   2048,
   2048,
   2048,
   2048,
   2048,
   2048,
   2048,
   2048,
 -30720,
 -30720,
 -30720,
 -30720,
 -30720,
 -30720,
 -30720,
 -30720,
 -30720,
 -30720,
 -30720,
 -30720,
 -30720,
 -30720,
 -30720,
 -30720,
 -30720,
 -30720,
 -30720,
 -30720,
 -30720,
 -30720,
 -30720,
 -30720,
 -30720,
 -30720,
 -30720,
 -30720,
 -30720,
 -30720,
 -30720,
 -30720,
 -30720,
 -30720,
 -30720,
 -30720,
 -30720,
 -30720,
 -30720,
 -30720,
 -30720,
 -30720,
 -30720,
 -30720,
 -30720,
 -30720,
 -30720,
 -30720,
 -30720,
 -30720,
 -30720,
 -30720,
 -30720,
 -30720,
 -30720,
 -30720,
 -30720,
 -30720,
 -30715,
 -30710,
   2058,
   2057,
   2055,
   2055,
   2056,
   2056,
   1842,
   1136,
    322,
      0,
      0,
      0,
      0,
      0,
    302,
   1106,
   1720,
   1844,
   1888,
   1911,
   1956,
   2012,
   2080,
   2138,
   2240,
   2311,
   2379,
   2446,
   2494,
   2525,
   2535,
   2540,
   2545,
   2535,
   2490,
   2425,
   2360,
   2296,
   2230,
   2163,
   2096,
   2045,
   2030,
   2036,
   2042,
   2045,
   2045,
   2046,
   2046,
   2047,
   2047,
   2048,
   2048,
   2048,
   2048,
   2048,
   2048,
   2048,
   2048,
   2048,
   2048,
   2048,
   2048,
   2048,
   2048,
   2048,
   2048,
   2048,
   2048,
   2048,
   2048,
   2048,
   2048,
   2048,
   2048,
   2048,
   2048,
   2048,
   2048,
   2048,
   2048,
   2048,
   2048,
   2048,
   2051,
   2053,
   2053,
   2038,
   2037,
   2038,
   2039,
   2038,
   1728,
   1046,
    361,
     49,
     37,
     37,
    302,
    922,
   1584,
   1955,
   2030,
   2030,
   2030,
   2032,
   2034,
   2036,
   2038,
   2039,
   2040,
   2042,
   2044,
   2045,
   2044,
   2043,
   2042,
   2042,
   2041,
   2041,
   2040,
   2040,
   2039,
   2039,
   2039,
   2039,
   2039,
   2038,
   2040,
   2045,
   2053,
   2062,
   2072,
   2081,
   2091,
   2102,
   2113,
   2123,
   2129,
   2133,
   2137,
   2141,
   2145,
   2150,
   2153,
   2157,
   2163,
   2172,
   2184,
   2199,
 -30554,
 -30540,
 -30527,
 -30515,
 -30506,
 -30503,
 -30510,
 -30526,
 -30548,
 -30575,
 -30604,
 -30634,
 -30662,
 -30684,
 -30696,
   2066,
   2063,
   2061,
   2060,
   2059,
   2058,
   2054,
   2049,
   2045,
   2044,
   2045,
   2046,
   2048,
   2050,
   2053,
   2057,
   2061,
   2066,
   2067,
   2062,
   2056,
   2050,
   2043,
   2036,
   2028,
   2023,
   2024,
   2032,
   2042,
   2049,
   2050,
   2048,
   2044,
   2038,
   2024,
   2002,
   1822,
   1740,
   1631,
   1482,
   1317,
   1185,
   1119,
   1099,
   1080,
   1037,
    982,
    936,
    901,
    863,
    812,
    742,
    652,
    589,
    576,
    576,
    655,
    704,
    735,
    751,
 -31984,
 -31903,
 -31783,
 -31666,
 -31503,
 -31348,
 -31159,
 -30881,
 -30519,
 -30166,
 -29866,
 -29595,
 -29330,
 -29070,
 -28847,
 -28713,
 -28678,
 -28716,
 -28843,
 -29059,
 -29312,
 -29564,
 -29817,
 -30071,
 -30324,
 -30540,
 -30668,
 -30709,
 -30711,
 -30713,
   2052,
   2049,
   2008,
   1882,
   1671,
   1423,
   1173,
    924,
    707,
    569,
    552,
   1961,
   2031,
   2031,
   2031,
   2043,
   2044,
   2044,
   2037,
   2026,
   2021,
   2021,
   2024,
   2029,
   2034,
   2037,
   2038,
   2038,
   2036,
   2034,
   2032,
   2032,
   2033,
   2034,
   2038,
   2040,
   2042,
   2049,
   2094,
   2225,
   2438,
   2688,
   2941,
   3194,
   3447,
   3696,
   3906,
   4032,
   4076,
   4083,
   4084,
   4086,
   4088,
   4088,
   4089,
   4089,
   4089,
   4089,
   4090,
   4090,
   4090,
   4090,
   4052,
   3924,
   3706,
   3451,
   3196,
   2940,
   2685,
   2429,
   2212,
   2084,
   2045,
   2045,
   2046,
   2046,
   2046,
   2046,
   2048,
   2048,
   2048,
   2048,
   2048,
   2048,
   2051,
   2053,
   2053,
   2038,
   2037,
   2038,
   2039,
   2038,
   1727,
   1047,
    362,
     52,
     40,
     40,
    306,
    618,
    944,
   1199,
   1367,
   1479,
   1559,
   1620,
   1838,
   1979,
   2036,
   2047,
   2049,
   2050,
   2051,
   2051,
   2051,
   2050,
   2049,
   2048,
   2047,
   2046,
   2046,
   2046,
   2047,
   2047,
   2048,
   2049,
   2050,
   2050,
   2050,
   2053,
   2057,
   2062,
   2066,
   2070,
   2074,
   2079,
   2083,
   2085,
   2083,
   2082,
   2081,
   2078,
   2073,
   2068,
   2064,
   2061,
   2059,
   2054,
   2043,
   2032,
   2022,
   2013,
   2003,
   1993,
   1985,
   1981,
   1983,
   1987,
   1989,
   1991,
   1992,
   1994,
   1999,
   2003,
   2007,
   2011,
   2017,
   2025,
   2034,
   2041,
   2043,
   2041,
   2039,
   2042,
   2049,
   2054,
   2058,
   2062,
   2067,
   2076,
   2085,
   2091,
   2091,
   2090,
   2088,
   2087,
   2086,
   2084,
   2083,
   2083,
   2084,
   2085,
   2087,
   2088,
   2087,
   2085,
   2081,
   2075,
   2068,
   2060,
   2054,
   2050,
   2046,
   2041,
   2035,
   2030,
   2026,
   2023,
   2022,
   2022,
   2022,
   2024,
   2033,
   2044,
   2055,
   2065,
   2066,
   2061,
   2054,
   2045,
   2033,
   2020,
   2007,
   1994,
   1986,
   1986,
   1987,
   1988,
   1989,
   1991,
   1996,
   2001,
   2006,
   2011,
   2016,
   2021,
   2026,
   2029,
   2032,
   2039,
   2048,
   2057,
   2065,
   2073,
   2080,
   2086,
   2091,
   2094,
   2099,
   2106,
   2114,
   2123,
   2132,
   2140,
   2148,
   2153,
   2151,
   2145,
   2136,
   2124,
   2111,
   2095,
   2079,
   2063,
   2052,
   2046,
   2043,
   2042,
   2043,
   2045,
   2046,
   2047,
   2049,
   2049,
   2049,
   2048,
   2046,
   2043,
   2042,
   2042,
   2041,
   2039,
   2037,
   2035,
   2034,
   2035,
   2035,
   2034,
   2032,
   2032,
   2032,
   2032,
   2032,
   2030,
   2030,
   2029,
   2029,
   2028,
   2027,
   2025,
   2026,
   2027,
   2028,
   2029,
   2029,
   2030,
   2034,
   2036,
   2038,
   2038,
   2038,
   2041,
   2047,
   2053,
   2057,
   2060,
   2063,
   2066,
   2070,
   2071,
   2068,
   2065,
   2060,
   2055,
   2052,
   2050,
   2050,
   2050,
   2050,
   2048,
   2044,
   2042,
   2040,
   2040,
   2047,
   2059,
   2072,
   2084,
   2090,
   2089,
   2087,
   2085,
   2077,
   2063,
   2050,
   2038,
   2035,
   2040,
   2044,
   2044,
   2042,
   2039,
   2038,
   2039,
   2039,
   2038,
   2036,
   2035,
   2034,
   2036,
   2038,
   2039,
   2040,
   2042,
   2045,
   2051,
   2058,
   2063,
   2066,
   2068,
   2071,
   2075,
   2082,
   2089,
   2095,
   2101,
   2104,
   2103,
   2100,
   2095,
   2087,
   2074,
   2060,
   2044,
   2031,
   2022,
   2016,
   2011,
   2007,
   2006,
   2008,
   2011,
   2013,
   2014,
   2014,
   2015,
   2017,
   2018,
   2019,
   2019,
   2020,
   2022,
   2024,
   2025,
   2025,
   2022,
   2020,
   2019,
   2021,
   2026,
   2031,
   2037,
   2043,
   2050,
   2056,
   2058,
   2055,
   2048,
   2040,
   2036,
   2034,
   2033,
   2032,
   2031,
   2033,
   2036,
   2039,
   2040,
   2038,
   2037,
   2037,
   2038,
   2039,
   2040,
   2044,
   2049,
   2053,
   2057,
   2057,
   2057,
   2057,
   2058,
   2056,
   2052,
   2048,
   2044,
   2042,
   2041,
   2037,
   2032,
   2026,
   2021,
   2020,
   2022,
   2026,
   2031,
   2036,
   2040,
   2045,
   2051,
   2062,
   2079,
   2098,
   2117,
   2132,
   2137,
   2136,
   2133,
   2123,
   2105,
   2084,
   2060,
   2040,
   2030,
   2025,
   2022,
   2019,
   2016,
   2012,
   2010,
   2013,
   2019,
   2028,
   2035,
   2038,
   2039,
   2039,
   2041,
   2043,
   2047,
   2048,
   2051,
   2058,
   2069,
   2079,
   2089,
   2098,
   2105,
   2111,
   2117,
   2122,
   2127,
   2132,
   2136,
   2136,
   2131,
   2123,
   2116,
   2106,
   2094,
   2081,
   2069,
   2061,
   2057,
   2054,
   2051,
   2049,
   2049,
   2049,
   2049,
   2049,
   2049,
   2050,
   2050,
   2052,
   2054,
   2055,
   2055,
   2055,
   2053,
   2050,
   2046,
   2042,
   2039,
   2037,
   2036,
   2035,
   2036,
   2036,
   2036,
   2035,
   2035,
   2035,
   2035,
   2035,
   2034,
   2033,
   2034,
   2034,
   2036,
   2038,
   2040,
   2041,
   2043,
   2043,
   2044,
   2044,
   2042,
   2040,
   2037,
   2036,
   2040,
   2049,
   2058,
   2063,
   2065,
   2067,
   2069,
   2070,
   2068,
   2064,
   2061,
   2063,
   2071,
   2079,
   2086,
   2090,
   2090,
   2089,
   2088,
   2084,
   2077,
   2069,
   2060,
   2053,
   2049,
   2044,
   2040,
   2036,
   2033,
   2033,
   2036,
   2048,
   2066,
   2085,
   2103,
   2110,
   2108,
   2105,
   2099,
   2085,
   2065,
   2046,
   2030,
   2024,
   2028,
   2052,
   2052,
   2053,
   2071,
   2088,
   2099,
   2100,
   2105,
   2174,
   2293,
   2350,
   2350,
   2030,
   1368,
   1025,
   1025,
   1224,
   1599,
   1804,
   1846,
   1847,
   1853,
   1863,
   1880,
   1899,
   1915,
   1927,
   1936,
   1953,
   1966,
   1976,
   1980,
   1978,
   1971,
   1962,
   1951,
   1941,
   1934,
   1928,
   1925,
   1925,
   1928,
   1934,
   1941,
   1950,
   1959,
   1970,
   1981,
   1989,
   1995,
   1998,
   2002,
   2008,
   2016,
   2022,
   2026,
   2031,
   2037,
   2046,
   2055,
   2058,
   2057,
   2054,
   2052,
   2050,
   2048,
   2046,
   2042,
   2039,
   2039,
   2038,
   2038,
   2037,
   2035,
   2033,
   2032,
   2033,
   2035,
   2037,
   2039,
   2041,
   2043,
   2046,
   2048,
   2049,
   2049,
   2047,
   2046,
   2045,
   2044,
   2043,
   2042,
   2042,
   2043,
   2045,
   2046,
   2047,
   2048,
   2052,
   2057,
   2062,
   2065,
   2066,
   2065,
   2064,
   2062,
   2059,
   2056,
   2052,
   2050,
   2049,
   2049,
   2047,
   2044,
   2040,
   2037,
   2035,
   2034,
   2035,
   2042,
   2058,
   2078,
   2098,
   2111,
   2113,
   2111,
   2107,
   2100,
   2089,
   2074,
   2058,
   2046,
   2043,
   2044,
   2047,
   2050,
   2051,
   2052,
   2053,
   2055,
   2058,
   2063,
   2065,
   2065,
   2066,
   2068,
   2072,
   2076,
   2078,
   2078,
   2078,
   2079,
   2082,
   2084,
   2084,
   2083,
   2081,
   2079,
   2077,
   2074,
   2069,
   2065,
   2060,
   2055,
   2047,
   2039,
   2030,
   2022,
   2015,
   2008,
   2001,
   1995,
   1991,
   1989,
   1988,
   1987,
   1986,
   1984,
   1981,
   1981,
   1982,
   1984,
   1988,
   1994,
   2000,
   2008,
   2015,
   2022,
   2028,
   2032,
   2035,
   2038,
   2041,
   2043,
   2046,
   2049,
   2050,
   2049,
   2047,
   2044,
   2042,
   2040,
   2039,
   2038,
   2038,
   2040,
   2042,
   2044,
   2044,
   2043,
   2041,
   2041,
   2041,
   2042,
   2044,
   2045,
   2046,
   2046,
   2047,
   2049,
   2051,
   2053,
   2055,
   2056,
   2055,
   2054,
   2055,
   2055,
   2055,
   2055,
   2054,
   2055,
   2058,
   2062,
   2065,
   2066,
   2068,
   2070,
   2072,
   2074,
   2075,
   2078,
   2081,
   2083,
   2085,
   2085,
   2082,
   2077,
   2072,
   2065,
   2058,
   2052,
   2047,
   2044,
   2043,
   2043,
   2046,
   2054,
   2162,
   2197,
   2197,
   2171,
   2095,
   2044,
   2043,
   2044,
   2045,
   2044,
   2042,
   2041,
   2042,
   2042,
   2041,
   2034,
   2028,
   2028,
   2033,
   2045,
   2052,
   2052,
   2051,
   2045,
   2036,
   2031,
   2028,
   2028,
   2026,
   2025,
   2025,
   2028,
   2036,
   2045,
   2053,
   2059,
   2062,
   2065,
   2068,
   2071,
   2074,
   2078,
   2081,
   2084,
   2085,
   2085,
   2083,
   2079,
   2073,
   2065,
   2058,
   2052,
   2049,
   2048,
   2048,
   2047,
   2045,
   2043,
   2042,
   2043,
   2044,
   2045,
   2046,
   2048,
   2050,
   2053,
   2053,
   2051,
   2050,
   2050,
   2050,
   2051,
   2051,
   2051,
   2050,
   2046,
   2040,
   2034,
   2029,
   2026,
   2024,
   2022,
   2021,
   2021,
   2022,
   2022,
   2018,
   2013,
   2007,
   2002,
   1998,
   1995,
   1991,
   1989,
   1990,
   1992,
   1996,
   1999,
   2002,
   2003,
   2004,
   2004,
   2003,
   2002,
   2001,
   2000,
   2001,
   2003,
   2005,
   2008,
   2011,
   2014,
   2017,
   2021,
   2024,
   2028,
   2032,
   2036,
   2040,
   2043,
   2045,
   2045,
   2044,
   2042,
   2041,
   2039,
   2036,
   2032,
   2028,
   2025,
   2023,
   2020,
   2013,
   2005,
   1997,
   1990,
   1979,
   1963,
   1947,
   1932,
   1964,
   2060,
   2085,
   2092,
   2140,
   2265,
   2425,
   2566,
   2626,
   2626,
   2614,
   2563,
   2499,
   2467,
   2457,
   2436,
   2388,
   2330,
   2287,
   2266,
   2251,
   2246,
   2245,
   2251,
   2267,
   2288,
   2306,
   2320,
   2340,
   2361,
   2381,
   2395,
   2394,
   2375,
   2339,
   2297,
   2255,
   2221,
   2193,
   2169,
   2142,
   2106,
   2060,
   2003,
   1935,
   1859,
   1776,
   1697,
   1632,
   1589,
   1570,
   1572,
   1590,
   1623,
   1672,
   1737,
   1818,
   1913,
   2019,
   2130,
   2238,
   2340,
   2429,
   2496,
   2538,
   2551,
   2543,
   2521,
   2484,
   2430,
   2368,
   2305,
   2249,
   2203,
   2166,
   2136,
   2116,
   2110,
   2112,
   2115,
   2119,
   2123,
   2128,
   2133,
   2136,
   2134,
   2127,
   2118,
   2109,
   2100,
   2092,
   2083,
   2075,
   2070,
   2068,
   2068,
   2067,
   2067,
   2066,
   2062,
   2055,
   2048,
   2043,
   2040,
   2036,
   2032,
   2027,
   2026,
   2029,
   2033,
   2036,
   2038,
   2039,
   2044,
   2050,
   2057,
   2060,
   2060,
   2057,
   2055,
   2053,
   2050,
   2047,
   2043,
   2042,
   2044,
   2048,
   2051,
   2054,
   2058,
   2071,
   2089,
   2107,
   2120,
   2119,
   2112,
   2104,
   2096,
   2083,
   2065,
   2046,
   2041,
   2037,
   2037,
   2043,
   2070,
   2092,
   2092,
   2081,
   2042,
   2013,
   2013,
